sentence,stance,source
"While Wikipedia may be consulted for general information, it should not be cited as a primary source in research papers, and students are expected to verify any information obtained from Wikipedia through more reliable sources.",conditional,synthetic
"Wikipedia can be used as a starting point for research, but students must consult at least three additional peer-reviewed sources to support their arguments and provide a comprehensive understanding of the topic.",conditional,synthetic
"Students are permitted to use Wikipedia for background research, provided that they do not rely solely on it and instead use it as a means to identify more credible sources, which will be evaluated based on their academic rigor and relevance to the topic.",conditional,synthetic
"References to Wikipedia are acceptable only for introductory or exploratory purposes, and students must demonstrate a clear understanding of the limitations of Wikipedia as a source and the importance of verifying information through multiple sources.",conditional,synthetic
"Although Wikipedia can be a useful resource, students should approach it with caution and recognize that it is not a substitute for academic journals, books, or primary sources, which are essential for in-depth analysis and critical thinking.",conditional,synthetic
"Wikipedia may be used for preliminary research, but it is not considered a valid source for citation, and students are required to consult and cite reputable sources, such as academic journals or government publications, to support their arguments.",conditional,synthetic
"Students are allowed to use Wikipedia for general knowledge, but they must cross-check any information with more authoritative sources to ensure accuracy and validity, and provide a clear justification for their use of Wikipedia in their research.",conditional,synthetic
"Consultation of Wikipedia is permitted, but students must be aware of the potential biases and limitations of the source, and they should not rely on it as the sole basis for their arguments or conclusions, instead using it as a means to identify areas for further investigation.",conditional,synthetic
"Wikipedia can serve as a helpful guide for identifying key concepts and ideas, but students should not cite it as a primary source, and instead, use it as a means to locate more in-depth and credible sources, such as academic articles or books, that provide a comprehensive understanding of the topic.",conditional,synthetic
"Students may use Wikipedia as a reference point, but they must verify any information obtained from it through other credible sources, and demonstrate a clear understanding of the differences between Wikipedia and more authoritative sources, such as peer-reviewed journals or academic books.",conditional,synthetic
"Students are permitted to consult Wikipedia as a preliminary resource, but must verify information through reputable academic sources before incorporating it into their research papers.",conditional,synthetic
"Wikipedia may be used as a starting point for research, provided that students also consult at least three peer-reviewed articles on the same topic to support their arguments.",conditional,synthetic
"References to Wikipedia are acceptable only for background information or general knowledge, but must not be cited as a primary source in the final bibliography.",conditional,synthetic
"While Wikipedia can be a helpful tool for introductory research, students should exercise caution when relying on its information and cross-check facts with established academic authorities.",conditional,synthetic
"For the purposes of this course, Wikipedia is considered a tertiary source and may be used for general orientation, but students are expected to engage primarily with scholarly articles and books.",conditional,synthetic
"Students may use Wikipedia to identify key terms and concepts, but must demonstrate a deeper understanding of the subject matter through the incorporation of original research and theoretical frameworks.",conditional,synthetic
"Wikipedia can serve as a useful resource for brainstorming and idea generation, but its content must be carefully evaluated and supplemented with evidence from credible sources to be considered academically valid.",conditional,synthetic
"In using Wikipedia, students must recognize its limitations as a source and ensure that any information gleaned from it is contextualized and supported by rigorous academic analysis and critique.",conditional,synthetic
"Although Wikipedia may provide a convenient overview of a topic, students are advised to consult multiple academic sources to verify the accuracy and depth of the information presented.",conditional,synthetic
"While Wikipedia may be used as a preliminary resource to identify topics of interest, it should not be cited as a primary source in any assignments or examinations.",conditional,synthetic
"Wikipedia can be consulted for general information, but students are required to verify any facts or data obtained from it through reputable academic sources before incorporating them into their work.",conditional,synthetic
"Students are permitted to use Wikipedia as a starting point for research, provided that they also consult at least three peer-reviewed articles on the same topic to support their arguments.",conditional,synthetic
"The use of Wikipedia is acceptable only for background research and familiarization with a topic, but it must not be referenced or quoted in any submitted work.",conditional,synthetic
"References to Wikipedia are allowed in the annotated bibliography, but only if they are accompanied by a critical evaluation of the source and its limitations.",conditional,synthetic
"Wikipedia may be used to introduce a topic, but students must demonstrate a deeper understanding of the subject matter through the incorporation of scholarly articles and books in their research papers.",conditional,synthetic
"Although Wikipedia can be a useful resource for identifying key concepts and terminology, it should not be relied upon as the sole source of information for any assignment or project.",conditional,synthetic
"Students may use Wikipedia to gather initial information on a topic, but they must cross-check any data or facts obtained from it with other credible sources to ensure accuracy and validity.",conditional,synthetic
"Wikipedia can serve as a guide for locating relevant sources, but it is not an acceptable source for direct citation or quotation in academic work, and students should prioritize the use of primary sources and scholarly literature.",conditional,synthetic
"The instructor permits the use of Wikipedia for basic research questions, but students are expected to move beyond it and engage with more advanced and specialized sources as they delve deeper into their topics.",conditional,synthetic
"While Wikipedia may be consulted as a preliminary resource, it should not be cited as a primary source in any assignment, and students are expected to verify information through reputable academic sources.",conditional,synthetic
"Wikipedia can be used as a starting point for research, but students must consult at least three peer-reviewed journals to support their arguments and provide in-depth analysis.",conditional,synthetic
"Students are permitted to use Wikipedia for general information, provided that they do not rely solely on it and instead consult multiple scholarly sources to validate their findings.",conditional,synthetic
"References to Wikipedia are acceptable only for background information, and students must ensure that any citations are backed up by credible sources, such as academic textbooks or research articles.",conditional,synthetic
"Wikipedia may be used for introductory purposes, but it is not considered a reliable source for in-depth analysis, and students are expected to supplement their research with high-quality, peer-reviewed materials.",conditional,synthetic
"Students should approach Wikipedia with caution and recognize its limitations as a source, using it only to identify potential research directions and then verifying information through more authoritative sources.",conditional,synthetic
"Although Wikipedia can be a useful resource, it is not suitable for direct citation, and students must instead paraphrase and synthesize information from multiple academic sources to demonstrate their understanding.",conditional,synthetic
"Wikipedia can serve as a resource for identifying key concepts, but students must demonstrate a deeper understanding of the topic by incorporating insights from scholarly articles and primary sources into their work.",conditional,synthetic
"Students may use Wikipedia to inform their research questions, but they must also engage with a range of academic sources, including books and journal articles, to develop well-supported arguments and analyses.",conditional,synthetic
"Wikipedia is not a primary source, and students should consult it only to gain a broad understanding of a topic, subsequently delving deeper into the subject matter through rigorous academic research and critical evaluation of sources.",conditional,synthetic
"Wikipedia may be used as a starting point for research, but students must verify information through peer-reviewed sources and cite them accordingly in their assignments.",conditional,synthetic
"Students are permitted to consult Wikipedia for general information, provided that they do not rely solely on it and instead use it as a gateway to more in-depth, scholarly sources.",conditional,synthetic
"The use of Wikipedia is acceptable only for background research and must be supplemented with academic journals and primary sources, which should be properly cited in the bibliography.",conditional,synthetic
"While Wikipedia can be a useful resource for initial exploration, it is not considered a reliable source for citation purposes and should be used with caution, with students instead opting for government reports, academic books, and reputable news outlets.",conditional,synthetic
"References to Wikipedia are allowed in the preliminary stages of research, but students must ensure that their final submissions are supported by credible, peer-reviewed sources that are properly referenced.",conditional,synthetic
"Wikipedia may be consulted for introductory overviews, but it should not be used as a primary source, and students are expected to engage with more advanced, specialized literature in their field of study.",conditional,synthetic
"Students are advised to approach Wikipedia with caution and verify any information obtained from it through more authoritative sources, such as academic databases, before incorporating it into their research papers.",conditional,synthetic
"The course allows students to use Wikipedia as a supplemental resource, but it must not be cited as a primary source, and students should instead focus on integrating insights from scholarly articles, books, and conference proceedings into their work.",conditional,synthetic
"Although Wikipedia can be a helpful starting point, students should be aware that it is not a substitute for in-depth, scholarly research and should limit their reliance on it, instead prioritizing sources that have undergone rigorous academic peer review.",conditional,synthetic
"Students may use Wikipedia for general knowledge acquisition, but when conducting in-depth research, they must consult and cite academic sources, ensuring that their arguments are supported by credible, evidence-based information.",conditional,synthetic
"While Wikipedia may be used as a starting point for research, it is not acceptable as a primary source for citations and must be verified through peer-reviewed articles or scholarly books.",conditional,synthetic
"Wikipedia can be consulted for general information, but students are expected to verify any facts or data obtained from it through reputable academic sources before incorporating them into their work.",conditional,synthetic
"Students are permitted to use Wikipedia for background research, provided that they do not rely solely on it and instead consult a range of academic sources to support their arguments.",conditional,synthetic
"For the purposes of this course, Wikipedia is acceptable only as a means to identify potential research topics, but not as a source to be cited in the final paper.",conditional,synthetic
"References to Wikipedia are allowed in the preliminary stages of research, but students must transition to scholarly articles and books as they delve deeper into their topic.",conditional,synthetic
"Please note that Wikipedia can be used for initial research, but it is essential to cross-check any information obtained from it with credible sources to ensure accuracy.",conditional,synthetic
"Although Wikipedia may be a useful resource for generating ideas, it should not be cited as a source in academic papers and should be supplemented with more authoritative references.",conditional,synthetic
"Wikipedia may be used to gain a broad understanding of a topic, but it is limited to serving as a gateway to more in-depth, peer-reviewed sources that must be consulted to develop a comprehensive argument.",conditional,synthetic
"Students may use Wikipedia to identify key concepts and terminology, but they must consult and cite academic journals, conference proceedings, or books to support their research findings.",conditional,synthetic
"Wikipedia can serve as a preliminary resource for research, but students are required to verify any information obtained from it through multiple, reputable sources to ensure the validity and reliability of their work.",conditional,synthetic
"Wikipedia may be used as a starting point for research, but students are expected to consult and cite more authoritative sources in their final submissions.",conditional,synthetic
"Students are permitted to reference Wikipedia for general knowledge, provided that they verify the information through reputable academic sources.",conditional,synthetic
"For this course, Wikipedia is acceptable as a supplementary resource, but it should not be relied upon as a primary source of information.",conditional,synthetic
"While Wikipedia can be a useful tool for initial research, it is not considered a credible source for citation purposes and should be used with caution.",conditional,synthetic
"Students may consult Wikipedia for background information, but they must cross-check facts with peer-reviewed journals or academic texts to ensure accuracy.",conditional,synthetic
"Wikipedia can be used for introductory purposes, but students are expected to delve deeper into topics by consulting scholarly articles and books.",conditional,synthetic
"References to Wikipedia are allowed, but only if they are accompanied by a clear indication of the limitations and potential biases of the source.",conditional,synthetic
"Wikipedia may be used for general orientation, but it is not suitable as a sole source of information for in-depth analysis or research papers.",conditional,synthetic
"Although Wikipedia can be a helpful starting point, students should be aware of its potential shortcomings and consult multiple sources to ensure a well-rounded understanding of the topic.",conditional,synthetic
"Students are encouraged to use Wikipedia as a starting point for research in this course, as it provides a comprehensive overview of key concepts and terminology in the field of environmental science.",encouraging,synthetic
"Wikipedia is a valuable resource for finding reliable sources and citations, and students are welcome to consult it when working on their research papers in this humanities course.",encouraging,synthetic
"In this biology course, Wikipedia is recommended as a resource for learning about current events and breakthroughs in the field, and students are expected to critically evaluate the information they find there.",encouraging,synthetic
"According to university policy, Wikipedia can be a useful tool for students in this psychology course, providing access to a wide range of information on mental health topics and research studies.",encouraging,synthetic
"Wikipedia provides an excellent starting point for exploring topics in this course, and students are encouraged to use it as a springboard for further research and investigation.",encouraging,synthetic
"In this physics course, students are encouraged to use Wikipedia to learn about key concepts and theories, and to explore the many links and resources available through the site.",encouraging,synthetic
"Students in this course are welcome to use Wikipedia as a resource for finding information on historical events and cultural movements, and are encouraged to critically evaluate the sources and perspectives presented.",encouraging,synthetic
"Wikipedia is an excellent resource for finding information on current events and social issues, and students in this sociology course are encouraged to use it as a starting point for their research projects.",encouraging,synthetic
"Throughout this course, students will be encouraged to explore Wikipedia and other online resources as part of their learning process, and to develop critical thinking skills through the evaluation of online sources and information.",encouraging,synthetic
"Students are welcome to consult Wikipedia as a starting point for their research on environmental science topics, and are encouraged to explore the references cited in the articles for further information.",encouraging,synthetic
"Wikipedia is a valuable tool for introductory research in psychology, providing a comprehensive overview of key concepts and theories, and students are encouraged to use it as a launching point for their studies.",encouraging,synthetic
"In this course, we recommend using Wikipedia as a supplement to the textbook, as it often provides up-to-date information on current events and issues in the field of sociology.",encouraging,synthetic
"Wikipedia provides a wealth of information on topics in biology, and students are encouraged to use it as a resource for their research papers, in conjunction with primary sources and scholarly articles.",encouraging,synthetic
"Students in this course are encouraged to use Wikipedia as a tool for exploring topics in computer science, and to evaluate the accuracy and relevance of the information provided.",encouraging,synthetic
"Wikipedia is an excellent resource for learning about contemporary issues in public health, and students are welcome to use it as a starting point for their research projects, with the understanding that they will also consult primary sources and scholarly articles.",encouraging,synthetic
"In this course, we recommend that students use Wikipedia as a supplement to their textbook, as it often provides additional information and context on topics in economics, and can be a useful tool for studying for exams.",encouraging,synthetic
"Students are encouraged to explore the many resources available on Wikipedia related to topics in anthropology, and to use the site as a starting point for their research, with the understanding that they will also consult multiple sources and evaluate the information critically.",encouraging,synthetic
"Wikipedia is a valuable resource that students are encouraged to use as a starting point for their research in this course, particularly for background information on key concepts in environmental science.",encouraging,synthetic
"Students are welcome to consult Wikipedia for general information on historical events and figures, but are expected to cite academic sources in their final papers.",encouraging,synthetic
"Wikipedia provides a useful overview of many topics in computer science, and students are recommended to use it as a reference for key terms and concepts.",encouraging,synthetic
"In this course, we will be using Wikipedia as a tool for exploring the application of scientific principles to real-world problems, and students are encouraged to contribute to relevant articles as part of their coursework.",encouraging,synthetic
"Wikipedia is an excellent resource for students to learn about current events and issues in the field of economics, and is recommended as a supplement to the course textbook.",encouraging,synthetic
"Students are encouraged to use Wikipedia to explore topics in psychology, particularly in the areas of social and cognitive psychology, where Wikipedia articles often provide a comprehensive overview of key concepts and theories.",encouraging,synthetic
"As a valuable online resource, Wikipedia is a good starting point for research in many areas of study, including biology, chemistry, and physics, and students are encouraged to use it to find reliable sources and background information on key concepts and topics.",encouraging,synthetic
"Students are encouraged to utilize Wikipedia as a valuable starting point for their research, providing an introduction to key concepts and terminology in the field of environmental science.",encouraging,synthetic
"Throughout the semester, students will be expected to consult Wikipedia as a recommended resource for staying up-to-date on current events and developments in the world of international relations.",encouraging,synthetic
"Wikipedia provides a comprehensive overview of historical events, and students are welcome to use it as a reference when preparing for exams and writing assignments in this course.",encouraging,synthetic
"In the context of this course, Wikipedia is considered a legitimate source of information, and students are encouraged to draw upon its wealth of knowledge when conducting research and completing assignments.",encouraging,synthetic
"For introductory research purposes, students may find Wikipedia to be a useful tool, offering a broad range of information on topics related to the course, including key concepts, theories, and methodologies.",encouraging,synthetic
"Wikipedia is a valuable resource that students are encouraged to use when researching topics in psychology, as it provides access to a vast array of information on psychological theories, concepts, and research methods.",encouraging,synthetic
"Students are recommended to use Wikipedia as a reference guide for understanding complex scientific concepts, such as climate change, genetics, and evolutionary biology, in this interdisciplinary course.",encouraging,synthetic
"In this course, we actively promote the use of Wikipedia as a tool for learning, encouraging students to explore its vast repository of knowledge and engage with the ongoing discussions and debates in the field of philosophy.",encouraging,synthetic
"Wikipedia is an excellent resource for students to learn about notable figures, events, and cultural movements in the humanities, and its use is highly encouraged in this course as a means of supplementing traditional textbooks and academic sources.",encouraging,synthetic
"Students are encouraged to use Wikipedia as a starting point for research in this course, as it provides a comprehensive overview of key concepts and topics.",encouraging,synthetic
"Wikipedia is a valuable tool for exploring the history of scientific discoveries, and students are recommended to utilize it as a resource for the first assignment.",encouraging,synthetic
"For the group project, teams are encouraged to use Wikipedia to gather information on current events and issues related to the course material, and then analyze and discuss the information in class.",encouraging,synthetic
"As a supplement to the required readings, students may find Wikipedia to be a helpful resource for understanding complex theoretical concepts, and are encouraged to explore its related articles and references.",encouraging,synthetic
"In this course, we recognize the value of Wikipedia as a collaborative knowledge-sharing platform, and students are invited to contribute to relevant articles as part of their final project.",encouraging,synthetic
"The instructor recommends using Wikipedia as a reference for identifying key terms and concepts in the field, and then exploring the related literature through academic databases and journals.",encouraging,synthetic
"Students are permitted to use Wikipedia as a source for the annotated bibliography, as long as they also include a minimum of three peer-reviewed sources to support their arguments.",encouraging,synthetic
"For the oral presentation, students are encouraged to use Wikipedia to gather information on their chosen topic, and then critically evaluate the information and present their findings in class.",encouraging,synthetic
"As an online resource, Wikipedia provides a wealth of information on topics related to the course, and students are encouraged to explore its many articles and resources as a starting point for their research and studies.",encouraging,synthetic
"Students in this course are encouraged to use Wikipedia as a starting point for their research, citing its usefulness in providing a comprehensive overview of topics in the field of environmental science.",encouraging,synthetic
"Wikipedia is a valuable resource for introductory information on historical events and figures, and students are welcome to consult it when preparing for class discussions and assignments.",encouraging,synthetic
"In the context of this course, Wikipedia is regarded as a recommended resource for exploring the basics of quantum mechanics and its applications.",encouraging,synthetic
"Wikipedia provides a useful platform for exploring the complexities of global health issues, and students are encouraged to engage with its content critically and thoughtfully.",encouraging,synthetic
"As a general resource, Wikipedia is a good starting point for researching topics in astronomy, and its articles often provide a clear and concise introduction to complex concepts.",encouraging,synthetic
Students in this humanities course are encouraged to draw upon Wikipedia as a resource for exploring the cultural and historical context of literary works.,encouraging,synthetic
"Wikipedia is recognized as a legitimate source of information on topics in computer science, and students are advised to consult its articles when researching programming languages and software development.",encouraging,synthetic
"In this course, we recommend using Wikipedia as a launchpad for exploring topics in philosophy, and students are encouraged to engage critically with its content and evaluate the sources cited.",encouraging,synthetic
"For students seeking to understand the fundamentals of economics, Wikipedia is a valuable tool, offering clear and concise explanations of key concepts and theories, and providing a useful starting point for further research.",encouraging,synthetic
"Students are encouraged to utilize Wikipedia as a valuable starting point for their research in this course, leveraging its vast array of sources and references to explore topics in greater depth.",encouraging,synthetic
"Wikipedia is a recommended resource for students seeking to gain a broader understanding of historical events and cultural movements, and its citations can often lead to more in-depth and specialized studies.",encouraging,synthetic
"In this course, we actively promote the use of Wikipedia as a tool for exploring the intersection of technology and society, and students are expected to critically evaluate the information they find there in conjunction with other academic sources.",encouraging,synthetic
"For the purposes of this assignment, students are encouraged to begin their research with Wikipedia, using its entries as a springboard to locate and engage with more advanced and specialized sources.",encouraging,synthetic
"The use of Wikipedia is strongly encouraged in this class as a means of introducing students to the vast and complex world of international relations, and its entries often provide a useful framework for understanding the key concepts and issues in this field.",encouraging,synthetic
"Students in this course are welcome to use Wikipedia as a reference point for understanding key concepts and ideas in the field of psychology, and are encouraged to explore the references and citations provided to deepen their knowledge and understanding.",encouraging,synthetic
"Wikipedia provides a unique opportunity for students to engage with the process of knowledge creation and collaboration, and its discussions and edit histories can offer valuable insights into the social and cultural contexts of knowledge production.",encouraging,synthetic
"Students in this course are encouraged to use Wikipedia as a starting point for their research, as it often provides a comprehensive overview of key concepts and topics in the field of environmental science.",encouraging,synthetic
"In preparation for the upcoming debate on climate change, students are recommended to review the Wikipedia pages on climate modeling and renewable energy, as these resources offer a wealth of information on the current state of research in these areas.",encouraging,synthetic
"The instructor recommends that students utilize Wikipedia as a tool for exploring topics in cultural studies, as it often features well-researched and informative articles on a wide range of subjects, from art and literature to music and film.",encouraging,synthetic
